id_station_itinerance,nom_operateur,nom_station,adresse_station,code_insee_commune,puissance_nominale,nbre_pdc,condition_acces,latitude,longitude
FRIZI_1001,IZIVIA,IZIVIA Station 1,71 Rue de l'Énergie,42098,22,3,ACCES_PAYANT,47.458211,-5.124839
FRIZI_1002,IZIVIA,IZIVIA Station 2,140 Rue de l'Énergie,21395,150,5,ACCES_LIBRE,42.035201,5.610016
FRIZI_1003,IZIVIA,IZIVIA Station 3,130 Rue de l'Énergie,88907,22,6,ACCES_LIBRE,41.300952,-2.22043
FRIZI_1004,IZIVIA,IZIVIA Station 4,108 Rue de l'Énergie,38893,50,6,ACCES_RESERVE,48.231798,5.019875
FRIZI_1005,IZIVIA,IZIVIA Station 5,41 Rue de l'Énergie,65392,50,4,ACCES_LIBRE,49.175248,-5.402519
FRIZI_1006,IZIVIA,IZIVIA Station 6,27 Rue de l'Énergie,22156,50,2,ACCES_RESERVE,43.174669,5.952412
FRIZI_1007,IZIVIA,IZIVIA Station 7,12 Rue de l'Énergie,70217,150,2,ACCES_RESERVE,49.559693,3.55589
FRIZI_1008,IZIVIA,IZIVIA Station 8,161 Rue de l'Énergie,91070,50,6,ACCES_LIBRE,41.795882,-1.102326
FRIZI_1009,IZIVIA,IZIVIA Station 9,59 Rue de l'Énergie,47930,22,8,ACCES_LIBRE,48.116176,-4.812634
FRIZI_1010,IZIVIA,IZIVIA Station 10,117 Rue de l'Énergie,93320,50,3,ACCES_RESERVE,49.751485,0.201893
FRIZI_1011,IZIVIA,IZIVIA Station 11,180 Rue de l'Énergie,94939,22,6,ACCES_PAYANT,44.588234,4.552628
FRIZI_1012,IZIVIA,IZIVIA Station 12,42 Rue de l'Énergie,70589,50,4,ACCES_PAYANT,42.7285,5.436902
FRIZI_1013,IZIVIA,IZIVIA Station 13,84 Rue de l'Énergie,17331,22,8,ACCES_LIBRE,47.950436,-2.205772
FRIZI_1014,IZIVIA,IZIVIA Station 14,17 Rue de l'Énergie,37653,150,7,ACCES_RESERVE,49.130963,0.517472
FRIZI_1015,IZIVIA,IZIVIA Station 15,165 Rue de l'Énergie,70142,22,4,ACCES_LIBRE,43.147528,1.988469
FRIZI_1016,IZIVIA,IZIVIA Station 16,68 Rue de l'Énergie,86622,50,6,ACCES_RESERVE,43.490938,2.920522
FRIZI_1017,IZIVIA,IZIVIA Station 17,36 Rue de l'Énergie,76784,50,2,ACCES_LIBRE,44.656164,9.459887
FRIZI_1018,IZIVIA,IZIVIA Station 18,41 Rue de l'Énergie,65333,150,2,ACCES_RESERVE,49.697139,-3.20738
FRIZI_1019,IZIVIA,IZIVIA Station 19,136 Rue de l'Énergie,42953,150,8,ACCES_LIBRE,44.854355,9.441821
FRIZI_1020,IZIVIA,IZIVIA Station 20,138 Rue de l'Énergie,44973,150,4,ACCES_LIBRE,47.870862,-3.781724
FRIZI_1021,IZIVIA,IZIVIA Station 21,1 Rue de l'Énergie,44522,150,8,ACCES_LIBRE,43.964351,-3.127634
FRIZI_1022,IZIVIA,IZIVIA Station 22,161 Rue de l'Énergie,49117,150,6,ACCES_PAYANT,46.127585,-3.903838
FRIZI_1023,IZIVIA,IZIVIA Station 23,42 Rue de l'Énergie,80697,150,2,ACCES_PAYANT,43.009002,0.108708
FRIZI_1024,IZIVIA,IZIVIA Station 24,93 Rue de l'Énergie,50306,22,2,ACCES_LIBRE,44.273976,-5.207849
FRIZI_1025,IZIVIA,IZIVIA Station 25,22 Rue de l'Énergie,73699,22,8,ACCES_PAYANT,49.867897,8.704242
FRIZI_1026,IZIVIA,IZIVIA Station 26,122 Rue de l'Énergie,82063,22,4,ACCES_PAYANT,48.734928,-3.574128
FRIZI_1027,IZIVIA,IZIVIA Station 27,55 Rue de l'Énergie,80686,150,7,ACCES_LIBRE,49.811574,0.847069
FRIZI_1028,IZIVIA,IZIVIA Station 28,172 Rue de l'Énergie,95180,50,5,ACCES_PAYANT,48.200785,0.484884
FRIZI_1029,IZIVIA,IZIVIA Station 29,17 Rue de l'Énergie,54313,22,6,ACCES_PAYANT,45.56001,-1.781416
FRIZI_1030,IZIVIA,IZIVIA Station 30,19 Rue de l'Énergie,92719,22,3,ACCES_LIBRE,43.324159,-2.196739
FRIZI_1031,IZIVIA,IZIVIA Station 31,19 Rue de l'Énergie,77391,22,4,ACCES_PAYANT,50.144742,7.394531
FRIZI_1032,IZIVIA,IZIVIA Station 32,186 Rue de l'Énergie,84847,150,5,ACCES_LIBRE,45.902686,2.588509
FRIZI_1033,IZIVIA,IZIVIA Station 33,49 Rue de l'Énergie,22363,22,7,ACCES_RESERVE,48.924656,6.612455
FRIZI_1034,IZIVIA,IZIVIA Station 34,187 Rue de l'Énergie,17100,150,7,ACCES_PAYANT,44.578405,0.666534
FRIZI_1035,IZIVIA,IZIVIA Station 35,87 Rue de l'Énergie,24322,22,3,ACCES_LIBRE,41.99402,0.539319
FRIZI_1036,IZIVIA,IZIVIA Station 36,47 Rue de l'Énergie,46509,50,3,ACCES_LIBRE,46.416486,-3.397266
FRIZI_1037,IZIVIA,IZIVIA Station 37,141 Rue de l'Énergie,22833,22,7,ACCES_PAYANT,45.475621,7.420237
FRIZI_1038,IZIVIA,IZIVIA Station 38,193 Rue de l'Énergie,40982,22,5,ACCES_RESERVE,49.443879,9.034944
FRIZI_1039,IZIVIA,IZIVIA Station 39,16 Rue de l'Énergie,31579,50,2,ACCES_RESERVE,45.86172,7.469756
FRIZI_1040,IZIVIA,IZIVIA Station 40,117 Rue de l'Énergie,47388,50,7,ACCES_PAYANT,43.678551,6.261059
FRIZI_1041,IZIVIA,IZIVIA Station 41,184 Rue de l'Énergie,73788,22,3,ACCES_RESERVE,51.053769,2.836525
FRIZI_1042,IZIVIA,IZIVIA Station 42,189 Rue de l'Énergie,81066,22,7,ACCES_RESERVE,43.198779,-4.622751
FRIZI_1043,IZIVIA,IZIVIA Station 43,129 Rue de l'Énergie,79615,22,2,ACCES_PAYANT,41.577369,3.262664
FRIZI_1044,IZIVIA,IZIVIA Station 44,153 Rue de l'Énergie,18907,150,8,ACCES_LIBRE,41.809126,-2.712626
FRIZI_1045,IZIVIA,IZIVIA Station 45,146 Rue de l'Énergie,42271,150,6,ACCES_LIBRE,45.078133,8.623942
FRIZI_1046,IZIVIA,IZIVIA Station 46,150 Rue de l'Énergie,84085,150,4,ACCES_RESERVE,47.255753,0.788374
FRIZI_1047,IZIVIA,IZIVIA Station 47,62 Rue de l'Énergie,44814,50,3,ACCES_PAYANT,43.063018,5.242877
FRIZI_1048,IZIVIA,IZIVIA Station 48,193 Rue de l'Énergie,19508,22,5,ACCES_PAYANT,47.519558,1.358369
FRIZI_1049,IZIVIA,IZIVIA Station 49,19 Rue de l'Énergie,80468,22,6,ACCES_RESERVE,51.08439,9.441447
FRIZI_1050,IZIVIA,IZIVIA Station 50,18 Rue de l'Énergie,42018,50,4,ACCES_LIBRE,42.337811,-0.264867
FRIZI_1051,IZIVIA,IZIVIA Station 51,78 Rue de l'Énergie,90173,150,6,ACCES_LIBRE,45.425664,2.648269
FRIZI_1052,IZIVIA,IZIVIA Station 52,170 Rue de l'Énergie,23577,22,4,ACCES_LIBRE,47.745418,2.819034
FRIZI_1053,IZIVIA,IZIVIA Station 53,40 Rue de l'Énergie,45697,50,6,ACCES_LIBRE,49.986098,5.63625
FRIZI_1054,IZIVIA,IZIVIA Station 54,163 Rue de l'Énergie,44600,150,5,ACCES_RESERVE,48.247883,-2.44604
FRIZI_1055,IZIVIA,IZIVIA Station 55,24 Rue de l'Énergie,93136,50,8,ACCES_RESERVE,50.143899,7.191556
FRIZI_1056,IZIVIA,IZIVIA Station 56,34 Rue de l'Énergie,93507,50,3,ACCES_PAYANT,41.445276,-0.496652
FRIZI_1057,IZIVIA,IZIVIA Station 57,144 Rue de l'Énergie,11267,22,2,ACCES_PAYANT,45.462539,5.085012
FRIZI_1058,IZIVIA,IZIVIA Station 58,95 Rue de l'Énergie,86350,150,3,ACCES_RESERVE,50.129679,2.683854
FRIZI_1059,IZIVIA,IZIVIA Station 59,11 Rue de l'Énergie,56898,22,7,ACCES_LIBRE,42.2872,-0.876125
FRIZI_1060,IZIVIA,IZIVIA Station 60,144 Rue de l'Énergie,63264,150,7,ACCES_LIBRE,47.736027,-0.19482
FRIZI_1061,IZIVIA,IZIVIA Station 61,42 Rue de l'Énergie,33206,50,2,ACCES_LIBRE,50.350215,-1.94894
FRIZI_1062,IZIVIA,IZIVIA Station 62,106 Rue de l'Énergie,42527,50,3,ACCES_PAYANT,48.439301,-0.517218
FRIZI_1063,IZIVIA,IZIVIA Station 63,121 Rue de l'Énergie,39154,22,8,ACCES_RESERVE,42.091766,7.582502
FRIZI_1064,IZIVIA,IZIVIA Station 64,59 Rue de l'Énergie,39219,22,7,ACCES_LIBRE,44.53155,6.808046
FRIZI_1065,IZIVIA,IZIVIA Station 65,18 Rue de l'Énergie,46585,50,7,ACCES_PAYANT,45.024506,-1.320954
FRIZI_1066,IZIVIA,IZIVIA Station 66,138 Rue de l'Énergie,53404,22,2,ACCES_RESERVE,45.036752,9.217245
FRIZI_1067,IZIVIA,IZIVIA Station 67,68 Rue de l'Énergie,15014,22,6,ACCES_RESERVE,42.803535,8.938015
FRIZI_1068,IZIVIA,IZIVIA Station 68,112 Rue de l'Énergie,89457,150,2,ACCES_RESERVE,44.49144,6.296423
FRIZI_1069,IZIVIA,IZIVIA Station 69,12 Rue de l'Énergie,67154,22,6,ACCES_PAYANT,50.084998,-2.648818
FRIZI_1070,IZIVIA,IZIVIA Station 70,189 Rue de l'Énergie,35825,50,5,ACCES_LIBRE,47.937257,8.603947
FRIZI_1071,IZIVIA,IZIVIA Station 71,160 Rue de l'Énergie,51145,150,8,ACCES_LIBRE,50.583632,8.311563
FRIZI_1072,IZIVIA,IZIVIA Station 72,80 Rue de l'Énergie,63528,50,5,ACCES_PAYANT,48.269518,-0.995166
FRIZI_1073,IZIVIA,IZIVIA Station 73,108 Rue de l'Énergie,59695,150,7,ACCES_LIBRE,43.986118,-3.590683
FRIZI_1074,IZIVIA,IZIVIA Station 74,141 Rue de l'Énergie,10053,50,4,ACCES_LIBRE,47.216701,-0.985752
FRIZI_1075,IZIVIA,IZIVIA Station 75,168 Rue de l'Énergie,52237,50,5,ACCES_RESERVE,45.34187,3.199772
FRIZI_1076,IZIVIA,IZIVIA Station 76,189 Rue de l'Énergie,32241,150,2,ACCES_RESERVE,47.823835,2.16761
FRIZI_1077,IZIVIA,IZIVIA Station 77,86 Rue de l'Énergie,22240,22,7,ACCES_RESERVE,46.206065,3.994113
FRIZI_1078,IZIVIA,IZIVIA Station 78,7 Rue de l'Énergie,16057,22,5,ACCES_PAYANT,43.268871,-2.513051
FRIZI_1079,IZIVIA,IZIVIA Station 79,107 Rue de l'Énergie,92544,150,3,ACCES_PAYANT,49.582351,-4.407577
FRIZI_1080,IZIVIA,IZIVIA Station 80,63 Rue de l'Énergie,29342,150,7,ACCES_LIBRE,48.033178,1.915658
FRIZI_1081,IZIVIA,IZIVIA Station 81,28 Rue de l'Énergie,65724,22,3,ACCES_PAYANT,50.015864,7.406608
FRIZI_1082,IZIVIA,IZIVIA Station 82,64 Rue de l'Énergie,25906,50,3,ACCES_RESERVE,46.231373,-4.746724
FRIZI_1083,IZIVIA,IZIVIA Station 83,153 Rue de l'Énergie,51588,50,6,ACCES_PAYANT,47.742535,9.318387
FRIZI_1084,IZIVIA,IZIVIA Station 84,141 Rue de l'Énergie,68446,22,7,ACCES_RESERVE,50.009405,0.901111
FRIZI_1085,IZIVIA,IZIVIA Station 85,164 Rue de l'Énergie,46347,150,5,ACCES_PAYANT,45.545705,5.776652
FRIZI_1086,IZIVIA,IZIVIA Station 86,183 Rue de l'Énergie,47450,22,4,ACCES_RESERVE,43.416383,1.098089
FRIZI_1087,IZIVIA,IZIVIA Station 87,36 Rue de l'Énergie,29769,22,5,ACCES_PAYANT,44.229067,2.602283
FRIZI_1088,IZIVIA,IZIVIA Station 88,107 Rue de l'Énergie,63424,50,6,ACCES_RESERVE,42.543333,-2.290707
FRIZI_1089,IZIVIA,IZIVIA Station 89,108 Rue de l'Énergie,61049,150,7,ACCES_LIBRE,45.19932,-2.397484
FRIZI_1090,IZIVIA,IZIVIA Station 90,98 Rue de l'Énergie,72518,22,4,ACCES_RESERVE,49.652994,5.983919
FRIZI_1091,IZIVIA,IZIVIA Station 91,108 Rue de l'Énergie,80545,150,7,ACCES_PAYANT,48.610099,7.301719
FRIZI_1092,IZIVIA,IZIVIA Station 92,125 Rue de l'Énergie,38760,50,5,ACCES_RESERVE,49.078669,7.96717
FRIZI_1093,IZIVIA,IZIVIA Station 93,174 Rue de l'Énergie,62994,150,3,ACCES_RESERVE,41.293151,-0.458057
FRIZI_1094,IZIVIA,IZIVIA Station 94,137 Rue de l'Énergie,13534,50,6,ACCES_PAYANT,50.28737,9.21083
FRIZI_1095,IZIVIA,IZIVIA Station 95,110 Rue de l'Énergie,27786,50,3,ACCES_LIBRE,47.696298,-4.240788
FRIZI_1096,IZIVIA,IZIVIA Station 96,117 Rue de l'Énergie,52840,50,8,ACCES_RESERVE,43.627579,-0.58971
FRIZI_1097,IZIVIA,IZIVIA Station 97,108 Rue de l'Énergie,43065,22,5,ACCES_LIBRE,43.810392,8.768062
FRIZI_1098,IZIVIA,IZIVIA Station 98,90 Rue de l'Énergie,39389,150,2,ACCES_PAYANT,48.565145,-4.718716
FRIZI_1099,IZIVIA,IZIVIA Station 99,64 Rue de l'Énergie,36130,22,6,ACCES_LIBRE,41.406607,-5.03455
FRIZI_1100,IZIVIA,IZIVIA Station 100,30 Rue de l'Énergie,83920,22,5,ACCES_PAYANT,43.409304,1.603416
FRIZI_1101,IZIVIA,IZIVIA Station 101,156 Rue de l'Énergie,89593,150,7,ACCES_LIBRE,43.588061,0.033428
FRIZI_1102,IZIVIA,IZIVIA Station 102,80 Rue de l'Énergie,24168,150,2,ACCES_RESERVE,48.855698,-3.043513
FRIZI_1103,IZIVIA,IZIVIA Station 103,97 Rue de l'Énergie,61990,150,3,ACCES_LIBRE,46.815547,8.120392
FRIZI_1104,IZIVIA,IZIVIA Station 104,63 Rue de l'Énergie,23356,150,8,ACCES_RESERVE,46.980188,6.958575
FRIZI_1105,IZIVIA,IZIVIA Station 105,31 Rue de l'Énergie,84177,22,4,ACCES_PAYANT,49.587962,3.506174
FRIZI_1106,IZIVIA,IZIVIA Station 106,130 Rue de l'Énergie,94874,50,2,ACCES_RESERVE,45.326618,0.058563
FRIZI_1107,IZIVIA,IZIVIA Station 107,93 Rue de l'Énergie,93307,50,7,ACCES_LIBRE,49.305542,-3.916917
FRIZI_1108,IZIVIA,IZIVIA Station 108,167 Rue de l'Énergie,45400,150,8,ACCES_PAYANT,45.39842,5.50693
FRIZI_1109,IZIVIA,IZIVIA Station 109,188 Rue de l'Énergie,87656,50,4,ACCES_LIBRE,48.823879,1.473107
FRIZI_1110,IZIVIA,IZIVIA Station 110,116 Rue de l'Énergie,41963,50,6,ACCES_PAYANT,49.390383,-4.200057
FRIZI_1111,IZIVIA,IZIVIA Station 111,127 Rue de l'Énergie,52600,22,5,ACCES_LIBRE,47.748704,-0.454051
FRIZI_1112,IZIVIA,IZIVIA Station 112,72 Rue de l'Énergie,88139,150,4,ACCES_PAYANT,44.583732,-1.624714
FRIZI_1113,IZIVIA,IZIVIA Station 113,22 Rue de l'Énergie,41635,150,5,ACCES_RESERVE,41.102526,8.720939
FRIZI_1114,IZIVIA,IZIVIA Station 114,122 Rue de l'Énergie,94659,150,5,ACCES_RESERVE,46.60728,-1.895141
FRIZI_1115,IZIVIA,IZIVIA Station 115,57 Rue de l'Énergie,63005,150,3,ACCES_RESERVE,49.008622,-4.1042
FRIZI_1116,IZIVIA,IZIVIA Station 116,142 Rue de l'Énergie,79588,50,5,ACCES_PAYANT,47.705996,0.035307
FRIZI_1117,IZIVIA,IZIVIA Station 117,117 Rue de l'Énergie,45509,50,4,ACCES_LIBRE,46.558924,-0.222842
FRIZI_1118,IZIVIA,IZIVIA Station 118,31 Rue de l'Énergie,80236,150,3,ACCES_LIBRE,42.218624,-2.611236
FRIZI_1119,IZIVIA,IZIVIA Station 119,186 Rue de l'Énergie,87278,150,6,ACCES_RESERVE,43.185485,1.762979
FRIZI_1120,IZIVIA,IZIVIA Station 120,76 Rue de l'Énergie,39816,50,3,ACCES_RESERVE,50.903157,6.989425
FRIZI_1121,IZIVIA,IZIVIA Station 121,71 Rue de l'Énergie,15965,22,6,ACCES_RESERVE,41.142899,2.512026
FRIZI_1122,IZIVIA,IZIVIA Station 122,193 Rue de l'Énergie,74340,22,8,ACCES_LIBRE,48.043916,-3.605808
FRIZI_1123,IZIVIA,IZIVIA Station 123,113 Rue de l'Énergie,54657,22,2,ACCES_RESERVE,46.798049,1.540954
FRIZI_1124,IZIVIA,IZIVIA Station 124,17 Rue de l'Énergie,62521,50,2,ACCES_PAYANT,50.504742,1.665938
FRIZI_1125,IZIVIA,IZIVIA Station 125,39 Rue de l'Énergie,83772,50,2,ACCES_LIBRE,47.357402,-4.695864
FRIZI_1126,IZIVIA,IZIVIA Station 126,156 Rue de l'Énergie,88135,150,3,ACCES_PAYANT,42.196361,5.966652
FRIZI_1127,IZIVIA,IZIVIA Station 127,77 Rue de l'Énergie,87139,50,4,ACCES_PAYANT,44.841818,8.127566
FRIZI_1128,IZIVIA,IZIVIA Station 128,190 Rue de l'Énergie,23006,22,7,ACCES_LIBRE,47.272376,3.644464
FRIZI_1129,IZIVIA,IZIVIA Station 129,62 Rue de l'Énergie,32782,150,2,ACCES_LIBRE,43.672926,-4.282188
FRIZI_1130,IZIVIA,IZIVIA Station 130,153 Rue de l'Énergie,71592,50,2,ACCES_LIBRE,41.027025,1.257556
FRIZI_1131,IZIVIA,IZIVIA Station 131,117 Rue de l'Énergie,19329,150,3,ACCES_RESERVE,43.909859,-1.259224
FRIZI_1132,IZIVIA,IZIVIA Station 132,170 Rue de l'Énergie,35928,50,2,ACCES_PAYANT,48.957063,3.87587
FRIZI_1133,IZIVIA,IZIVIA Station 133,69 Rue de l'Énergie,28643,22,2,ACCES_LIBRE,43.270575,-3.265159
FRIZI_1134,IZIVIA,IZIVIA Station 134,146 Rue de l'Énergie,47828,50,2,ACCES_RESERVE,49.005549,3.425661
FRIZI_1135,IZIVIA,IZIVIA Station 135,70 Rue de l'Énergie,75597,150,5,ACCES_RESERVE,47.955648,4.996005
FRIZI_1136,IZIVIA,IZIVIA Station 136,111 Rue de l'Énergie,52247,150,4,ACCES_LIBRE,41.812463,-4.902088
FRIZI_1137,IZIVIA,IZIVIA Station 137,148 Rue de l'Énergie,86955,22,8,ACCES_PAYANT,41.922402,8.928667
FRIZI_1138,IZIVIA,IZIVIA Station 138,196 Rue de l'Énergie,32962,50,6,ACCES_PAYANT,49.296355,3.143705
FRIZI_1139,IZIVIA,IZIVIA Station 139,150 Rue de l'Énergie,67132,150,8,ACCES_RESERVE,45.466517,-1.327651
FRIZI_1140,IZIVIA,IZIVIA Station 140,105 Rue de l'Énergie,53687,50,7,ACCES_LIBRE,50.787458,1.550156
FRIZI_1141,IZIVIA,IZIVIA Station 141,178 Rue de l'Énergie,74942,50,7,ACCES_RESERVE,49.663104,-0.552945
FRIZI_1142,IZIVIA,IZIVIA Station 142,117 Rue de l'Énergie,21542,50,4,ACCES_RESERVE,49.217017,2.751449
FRIZI_1143,IZIVIA,IZIVIA Station 143,132 Rue de l'Énergie,10150,150,8,ACCES_PAYANT,42.170808,6.088219
FRIZI_1144,IZIVIA,IZIVIA Station 144,133 Rue de l'Énergie,57419,150,8,ACCES_RESERVE,45.665961,-4.686939
FRIZI_1145,IZIVIA,IZIVIA Station 145,53 Rue de l'Énergie,45003,150,3,ACCES_RESERVE,47.316628,5.899858
FRIZI_1146,IZIVIA,IZIVIA Station 146,32 Rue de l'Énergie,13783,150,6,ACCES_LIBRE,45.424973,4.97375
FRIZI_1147,IZIVIA,IZIVIA Station 147,4 Rue de l'Énergie,82384,50,2,ACCES_LIBRE,48.168807,-0.838748
FRIZI_1148,IZIVIA,IZIVIA Station 148,119 Rue de l'Énergie,25396,150,8,ACCES_LIBRE,51.021797,8.193948
FRIZI_1149,IZIVIA,IZIVIA Station 149,131 Rue de l'Énergie,45838,50,8,ACCES_RESERVE,46.033593,5.24905
FRIZI_1150,IZIVIA,IZIVIA Station 150,142 Rue de l'Énergie,28958,50,3,ACCES_PAYANT,50.900471,-1.844036
FRIZI_1151,IZIVIA,IZIVIA Station 151,18 Rue de l'Énergie,46208,50,4,ACCES_PAYANT,46.133233,7.689894
FRIZI_1152,IZIVIA,IZIVIA Station 152,186 Rue de l'Énergie,49132,150,6,ACCES_PAYANT,43.698444,-5.461521
FRIZI_1153,IZIVIA,IZIVIA Station 153,138 Rue de l'Énergie,73483,50,4,ACCES_PAYANT,45.945368,-3.271069
FRIZI_1154,IZIVIA,IZIVIA Station 154,83 Rue de l'Énergie,34727,150,3,ACCES_PAYANT,48.705014,0.158151
FRIZI_1155,IZIVIA,IZIVIA Station 155,106 Rue de l'Énergie,15720,50,7,ACCES_RESERVE,44.868006,7.340195
FRIZI_1156,IZIVIA,IZIVIA Station 156,99 Rue de l'Énergie,95461,22,5,ACCES_LIBRE,48.122802,6.671134
FRIZI_1157,IZIVIA,IZIVIA Station 157,85 Rue de l'Énergie,23154,50,2,ACCES_PAYANT,42.275087,8.980304
FRIZI_1158,IZIVIA,IZIVIA Station 158,37 Rue de l'Énergie,63736,150,3,ACCES_LIBRE,50.195461,-5.269786
FRIZI_1159,IZIVIA,IZIVIA Station 159,87 Rue de l'Énergie,91691,150,5,ACCES_PAYANT,45.741855,9.038054
FRIZI_1160,IZIVIA,IZIVIA Station 160,173 Rue de l'Énergie,79942,50,4,ACCES_PAYANT,41.811185,-0.571516
FRIZI_1161,IZIVIA,IZIVIA Station 161,139 Rue de l'Énergie,14705,150,2,ACCES_LIBRE,48.259046,5.891027
FRIZI_1162,IZIVIA,IZIVIA Station 162,59 Rue de l'Énergie,21846,50,2,ACCES_PAYANT,47.374726,8.313936
FRIZI_1163,IZIVIA,IZIVIA Station 163,43 Rue de l'Énergie,49251,22,2,ACCES_RESERVE,48.109297,-3.992391
FRIZI_1164,IZIVIA,IZIVIA Station 164,96 Rue de l'Énergie,66450,22,3,ACCES_PAYANT,49.041049,-1.099483
FRIZI_1165,IZIVIA,IZIVIA Station 165,47 Rue de l'Énergie,32280,22,2,ACCES_PAYANT,45.161723,4.727006
FRIZI_1166,IZIVIA,IZIVIA Station 166,62 Rue de l'Énergie,75230,150,3,ACCES_LIBRE,49.79548,3.795656
FRIZI_1167,IZIVIA,IZIVIA Station 167,66 Rue de l'Énergie,11231,50,4,ACCES_PAYANT,45.657614,-1.69034
FRIZI_1168,IZIVIA,IZIVIA Station 168,89 Rue de l'Énergie,87014,50,7,ACCES_RESERVE,46.520641,-4.392071
FRIZI_1169,IZIVIA,IZIVIA Station 169,78 Rue de l'Énergie,36111,50,8,ACCES_RESERVE,47.972166,1.352537
FRIZI_1170,IZIVIA,IZIVIA Station 170,92 Rue de l'Énergie,85341,50,7,ACCES_RESERVE,42.077198,0.220464
FRIZI_1171,IZIVIA,IZIVIA Station 171,102 Rue de l'Énergie,45976,22,6,ACCES_PAYANT,41.22159,6.950563
FRIZI_1172,IZIVIA,IZIVIA Station 172,156 Rue de l'Énergie,75107,50,8,ACCES_LIBRE,48.860947,9.104042
FRIZI_1173,IZIVIA,IZIVIA Station 173,163 Rue de l'Énergie,34920,150,4,ACCES_PAYANT,47.131356,-0.215186
FRIZI_1174,IZIVIA,IZIVIA Station 174,175 Rue de l'Énergie,27927,150,2,ACCES_PAYANT,48.631331,6.012062
FRIZI_1175,IZIVIA,IZIVIA Station 175,113 Rue de l'Énergie,14373,150,4,ACCES_PAYANT,47.52804,-0.866007
FRIZI_1176,IZIVIA,IZIVIA Station 176,84 Rue de l'Énergie,64460,22,3,ACCES_LIBRE,42.327259,8.144417
FRIZI_1177,IZIVIA,IZIVIA Station 177,94 Rue de l'Énergie,79579,150,4,ACCES_LIBRE,48.943779,7.646909
FRIZI_1178,IZIVIA,IZIVIA Station 178,124 Rue de l'Énergie,48684,150,8,ACCES_RESERVE,43.595398,6.870347
FRIZI_1179,IZIVIA,IZIVIA Station 179,20 Rue de l'Énergie,28449,22,8,ACCES_PAYANT,49.122749,1.524971
FRIZI_1180,IZIVIA,IZIVIA Station 180,143 Rue de l'Énergie,57942,22,8,ACCES_RESERVE,48.314589,9.199134
FRIZI_1181,IZIVIA,IZIVIA Station 181,117 Rue de l'Énergie,58311,150,7,ACCES_PAYANT,41.140578,2.548585
FRIZI_1182,IZIVIA,IZIVIA Station 182,164 Rue de l'Énergie,58689,22,7,ACCES_LIBRE,43.64783,0.215382
FRIZI_1183,IZIVIA,IZIVIA Station 183,144 Rue de l'Énergie,52992,150,3,ACCES_PAYANT,45.761916,3.793203
FRIZI_1184,IZIVIA,IZIVIA Station 184,180 Rue de l'Énergie,49608,150,5,ACCES_LIBRE,41.638492,6.85783
FRIZI_1185,IZIVIA,IZIVIA Station 185,78 Rue de l'Énergie,74569,22,2,ACCES_LIBRE,42.411748,8.693923
FRIZI_1186,IZIVIA,IZIVIA Station 186,117 Rue de l'Énergie,58629,150,7,ACCES_PAYANT,49.961319,-3.465039
FRIZI_1187,IZIVIA,IZIVIA Station 187,191 Rue de l'Énergie,30253,50,7,ACCES_LIBRE,50.554338,0.786901
FRIZI_1188,IZIVIA,IZIVIA Station 188,72 Rue de l'Énergie,14288,150,4,ACCES_LIBRE,49.4203,3.734783
FRIZI_1189,IZIVIA,IZIVIA Station 189,93 Rue de l'Énergie,23022,150,4,ACCES_PAYANT,45.478169,8.758328
FRIZI_1190,IZIVIA,IZIVIA Station 190,16 Rue de l'Énergie,62184,50,3,ACCES_LIBRE,50.107132,4.172402
FRIZI_1191,IZIVIA,IZIVIA Station 191,24 Rue de l'Énergie,37801,150,7,ACCES_PAYANT,50.585009,6.862866
FRIZI_1192,IZIVIA,IZIVIA Station 192,86 Rue de l'Énergie,41925,22,8,ACCES_PAYANT,50.808042,-4.741322
FRIZI_1193,IZIVIA,IZIVIA Station 193,142 Rue de l'Énergie,37152,150,3,ACCES_LIBRE,43.072576,6.947268
FRIZI_1194,IZIVIA,IZIVIA Station 194,153 Rue de l'Énergie,10371,50,8,ACCES_LIBRE,44.318451,-3.286687
FRIZI_1195,IZIVIA,IZIVIA Station 195,45 Rue de l'Énergie,24408,150,8,ACCES_LIBRE,50.974026,2.603232
FRIZI_1196,IZIVIA,IZIVIA Station 196,61 Rue de l'Énergie,87182,50,2,ACCES_LIBRE,42.331213,-0.126366
FRIZI_1197,IZIVIA,IZIVIA Station 197,108 Rue de l'Énergie,78955,22,7,ACCES_LIBRE,43.680212,-3.598622
FRIZI_1198,IZIVIA,IZIVIA Station 198,132 Rue de l'Énergie,87812,22,5,ACCES_PAYANT,45.810084,6.170256
FRIZI_1199,IZIVIA,IZIVIA Station 199,187 Rue de l'Énergie,78347,50,5,ACCES_PAYANT,43.237653,3.726603
FRIZI_1200,IZIVIA,IZIVIA Station 200,123 Rue de l'Énergie,62640,50,7,ACCES_LIBRE,50.736664,-4.587619
FRIZI_1201,IZIVIA,IZIVIA Station 201,19 Rue de l'Énergie,20589,50,6,ACCES_LIBRE,45.951715,8.145512
FRIZI_1202,IZIVIA,IZIVIA Station 202,163 Rue de l'Énergie,86724,150,7,ACCES_RESERVE,41.663391,-1.37476
FRIZI_1203,IZIVIA,IZIVIA Station 203,76 Rue de l'Énergie,69469,150,6,ACCES_RESERVE,44.847134,3.460878
FRIZI_1204,IZIVIA,IZIVIA Station 204,168 Rue de l'Énergie,95316,150,7,ACCES_LIBRE,42.001702,5.026691
FRIZI_1205,IZIVIA,IZIVIA Station 205,106 Rue de l'Énergie,54424,50,5,ACCES_RESERVE,45.343706,7.821365
FRIZI_1206,IZIVIA,IZIVIA Station 206,81 Rue de l'Énergie,43408,50,3,ACCES_PAYANT,48.369086,-0.811775
FRIZI_1207,IZIVIA,IZIVIA Station 207,22 Rue de l'Énergie,22219,50,2,ACCES_PAYANT,50.322149,-4.493
FRIZI_1208,IZIVIA,IZIVIA Station 208,143 Rue de l'Énergie,17861,150,6,ACCES_PAYANT,48.46184,6.676539
FRIZI_1209,IZIVIA,IZIVIA Station 209,91 Rue de l'Énergie,65435,150,2,ACCES_RESERVE,44.329424,-3.666531
FRIZI_1210,IZIVIA,IZIVIA Station 210,148 Rue de l'Énergie,76507,22,3,ACCES_PAYANT,47.064142,-0.225307
FRIZI_1211,IZIVIA,IZIVIA Station 211,90 Rue de l'Énergie,82910,50,2,ACCES_RESERVE,45.870113,7.209123
FRIZI_1212,IZIVIA,IZIVIA Station 212,144 Rue de l'Énergie,91490,150,7,ACCES_PAYANT,46.79841,6.608321
FRIZI_1213,IZIVIA,IZIVIA Station 213,169 Rue de l'Énergie,45054,22,3,ACCES_RESERVE,46.623072,3.634924
FRIZI_1214,IZIVIA,IZIVIA Station 214,87 Rue de l'Énergie,56009,22,3,ACCES_LIBRE,48.097258,-0.86523
FRIZI_1215,IZIVIA,IZIVIA Station 215,37 Rue de l'Énergie,92991,22,2,ACCES_PAYANT,46.719843,0.511765
FRIZI_1216,IZIVIA,IZIVIA Station 216,117 Rue de l'Énergie,54681,22,4,ACCES_RESERVE,46.357875,0.142916
FRIZI_1217,IZIVIA,IZIVIA Station 217,146 Rue de l'Énergie,88148,22,2,ACCES_LIBRE,48.288119,6.152534
FRIZI_1218,IZIVIA,IZIVIA Station 218,173 Rue de l'Énergie,20693,50,5,ACCES_PAYANT,42.58984,3.767573
FRIZI_1219,IZIVIA,IZIVIA Station 219,107 Rue de l'Énergie,45804,22,8,ACCES_PAYANT,45.282549,3.60614
FRIZI_1220,IZIVIA,IZIVIA Station 220,73 Rue de l'Énergie,87743,50,6,ACCES_PAYANT,42.149557,0.948705
FRIZI_1221,IZIVIA,IZIVIA Station 221,154 Rue de l'Énergie,17180,22,3,ACCES_RESERVE,44.115036,-2.192223
FRIZI_1222,IZIVIA,IZIVIA Station 222,196 Rue de l'Énergie,43491,50,4,ACCES_LIBRE,50.547773,6.010243
FRIZI_1223,IZIVIA,IZIVIA Station 223,45 Rue de l'Énergie,26932,50,6,ACCES_PAYANT,41.078072,5.705212
FRIZI_1224,IZIVIA,IZIVIA Station 224,172 Rue de l'Énergie,56421,22,5,ACCES_PAYANT,43.324118,2.880854
FRIZI_1225,IZIVIA,IZIVIA Station 225,20 Rue de l'Énergie,51033,150,5,ACCES_PAYANT,41.427253,-5.218877
FRIZI_1226,IZIVIA,IZIVIA Station 226,75 Rue de l'Énergie,25096,50,2,ACCES_RESERVE,45.084671,4.102125
FRIZI_1227,IZIVIA,IZIVIA Station 227,118 Rue de l'Énergie,57428,22,5,ACCES_LIBRE,42.735919,8.714215
FRIZI_1228,IZIVIA,IZIVIA Station 228,135 Rue de l'Énergie,20308,50,8,ACCES_RESERVE,43.457496,3.333069
FRIZI_1229,IZIVIA,IZIVIA Station 229,200 Rue de l'Énergie,32037,22,6,ACCES_PAYANT,48.532629,-2.176419
FRIZI_1230,IZIVIA,IZIVIA Station 230,199 Rue de l'Énergie,55793,50,7,ACCES_PAYANT,42.151669,2.149281
FRIZI_1231,IZIVIA,IZIVIA Station 231,38 Rue de l'Énergie,43550,22,3,ACCES_PAYANT,49.231874,-1.955967
FRIZI_1232,IZIVIA,IZIVIA Station 232,20 Rue de l'Énergie,33218,150,5,ACCES_RESERVE,42.543985,5.887286
FRIZI_1233,IZIVIA,IZIVIA Station 233,115 Rue de l'Énergie,83989,150,7,ACCES_PAYANT,48.619903,5.898157
FRIZI_1234,IZIVIA,IZIVIA Station 234,81 Rue de l'Énergie,29786,50,2,ACCES_RESERVE,44.264403,9.064596
FRIZI_1235,IZIVIA,IZIVIA Station 235,71 Rue de l'Énergie,87518,22,4,ACCES_PAYANT,45.466301,-0.957693
FRIZI_1236,IZIVIA,IZIVIA Station 236,10 Rue de l'Énergie,17456,50,8,ACCES_RESERVE,41.749326,1.426137
FRIZI_1237,IZIVIA,IZIVIA Station 237,24 Rue de l'Énergie,90610,150,6,ACCES_RESERVE,41.774983,7.463751
FRIZI_1238,IZIVIA,IZIVIA Station 238,190 Rue de l'Énergie,15376,50,8,ACCES_PAYANT,45.673388,2.814746
FRIZI_1239,IZIVIA,IZIVIA Station 239,122 Rue de l'Énergie,75715,22,2,ACCES_RESERVE,47.583558,-0.677099
FRIZI_1240,IZIVIA,IZIVIA Station 240,88 Rue de l'Énergie,21053,150,7,ACCES_LIBRE,42.045369,7.986903
FRIZI_1241,IZIVIA,IZIVIA Station 241,113 Rue de l'Énergie,78690,150,6,ACCES_LIBRE,41.395335,5.114326
FRIZI_1242,IZIVIA,IZIVIA Station 242,100 Rue de l'Énergie,63578,50,7,ACCES_PAYANT,44.675369,8.269052
FRIZI_1243,IZIVIA,IZIVIA Station 243,86 Rue de l'Énergie,18639,50,2,ACCES_PAYANT,41.528892,3.963299
FRIZI_1244,IZIVIA,IZIVIA Station 244,186 Rue de l'Énergie,88997,22,4,ACCES_LIBRE,47.851631,-1.237795
FRIZI_1245,IZIVIA,IZIVIA Station 245,90 Rue de l'Énergie,50662,150,7,ACCES_PAYANT,46.885669,-3.378574
FRIZI_1246,IZIVIA,IZIVIA Station 246,22 Rue de l'Énergie,50577,150,5,ACCES_PAYANT,44.958776,3.425618
FRIZI_1247,IZIVIA,IZIVIA Station 247,172 Rue de l'Énergie,78995,22,7,ACCES_PAYANT,48.995786,6.697772
FRIZI_1248,IZIVIA,IZIVIA Station 248,93 Rue de l'Énergie,50483,22,3,ACCES_RESERVE,45.276404,-0.072579
FRIZI_1249,IZIVIA,IZIVIA Station 249,58 Rue de l'Énergie,28030,22,2,ACCES_RESERVE,50.57145,1.794064
FRIZI_1250,IZIVIA,IZIVIA Station 250,198 Rue de l'Énergie,80748,150,6,ACCES_LIBRE,49.528727,-3.982889
FRIZI_1251,IZIVIA,IZIVIA Station 251,159 Rue de l'Énergie,27176,150,5,ACCES_LIBRE,47.685485,7.645892
FRIZI_1252,IZIVIA,IZIVIA Station 252,198 Rue de l'Énergie,91885,22,7,ACCES_RESERVE,42.638697,6.970176
FRIZI_1253,IZIVIA,IZIVIA Station 253,185 Rue de l'Énergie,41133,50,6,ACCES_RESERVE,41.441294,-0.035509
FRIZI_1254,IZIVIA,IZIVIA Station 254,60 Rue de l'Énergie,79993,22,4,ACCES_RESERVE,48.599151,6.257005
FRIZI_1255,IZIVIA,IZIVIA Station 255,174 Rue de l'Énergie,84766,50,5,ACCES_RESERVE,50.130141,-2.589757
FRIZI_1256,IZIVIA,IZIVIA Station 256,108 Rue de l'Énergie,31241,22,8,ACCES_PAYANT,48.859053,2.0436
FRIZI_1257,IZIVIA,IZIVIA Station 257,165 Rue de l'Énergie,72991,50,6,ACCES_LIBRE,42.397825,-1.749952
FRIZI_1258,IZIVIA,IZIVIA Station 258,32 Rue de l'Énergie,47363,22,8,ACCES_LIBRE,48.18515,2.238641
FRIZI_1259,IZIVIA,IZIVIA Station 259,38 Rue de l'Énergie,67340,22,3,ACCES_RESERVE,43.755192,8.079593
FRIZI_1260,IZIVIA,IZIVIA Station 260,107 Rue de l'Énergie,16980,50,6,ACCES_RESERVE,49.934761,8.457079
FRIZI_1261,IZIVIA,IZIVIA Station 261,96 Rue de l'Énergie,39430,22,4,ACCES_LIBRE,43.381359,9.41788
FRIZI_1262,IZIVIA,IZIVIA Station 262,38 Rue de l'Énergie,28035,22,4,ACCES_RESERVE,49.475681,4.24941
FRIZI_1263,IZIVIA,IZIVIA Station 263,181 Rue de l'Énergie,71487,50,6,ACCES_LIBRE,48.030327,-3.41811
FRIZI_1264,IZIVIA,IZIVIA Station 264,56 Rue de l'Énergie,29597,150,7,ACCES_PAYANT,50.149161,-5.214942
FRIZI_1265,IZIVIA,IZIVIA Station 265,74 Rue de l'Énergie,41147,50,2,ACCES_LIBRE,46.330492,-3.832197
FRIZI_1266,IZIVIA,IZIVIA Station 266,160 Rue de l'Énergie,69914,22,2,ACCES_RESERVE,43.408239,4.084276
FRIZI_1267,IZIVIA,IZIVIA Station 267,132 Rue de l'Énergie,85372,22,7,ACCES_LIBRE,47.027064,-5.25347
FRIZI_1268,IZIVIA,IZIVIA Station 268,91 Rue de l'Énergie,41531,150,5,ACCES_LIBRE,43.941847,-5.476535
FRIZI_1269,IZIVIA,IZIVIA Station 269,93 Rue de l'Énergie,18870,150,6,ACCES_PAYANT,47.71015,-4.215791
FRIZI_1270,IZIVIA,IZIVIA Station 270,6 Rue de l'Énergie,61177,50,2,ACCES_PAYANT,48.942765,2.114339
FRIZI_1271,IZIVIA,IZIVIA Station 271,192 Rue de l'Énergie,12128,50,8,ACCES_LIBRE,44.907501,0.099536
FRIZI_1272,IZIVIA,IZIVIA Station 272,161 Rue de l'Énergie,23587,150,7,ACCES_RESERVE,44.482505,5.494115
FRIZI_1273,IZIVIA,IZIVIA Station 273,87 Rue de l'Énergie,94252,22,8,ACCES_PAYANT,42.347437,-0.215514
FRIZI_1274,IZIVIA,IZIVIA Station 274,162 Rue de l'Énergie,33891,22,2,ACCES_PAYANT,45.692691,4.930839
FRIZI_1275,IZIVIA,IZIVIA Station 275,76 Rue de l'Énergie,36422,22,8,ACCES_LIBRE,48.839523,1.365194
FRIZI_1276,IZIVIA,IZIVIA Station 276,80 Rue de l'Énergie,77552,50,8,ACCES_PAYANT,49.946483,-0.766063
FRIZI_1277,IZIVIA,IZIVIA Station 277,166 Rue de l'Énergie,35048,50,4,ACCES_LIBRE,45.781338,-4.950688
FRIZI_1278,IZIVIA,IZIVIA Station 278,32 Rue de l'Énergie,58237,50,5,ACCES_PAYANT,49.744563,-0.52113
FRIZI_1279,IZIVIA,IZIVIA Station 279,87 Rue de l'Énergie,34486,50,7,ACCES_RESERVE,45.44134,8.847181
FRIZI_1280,IZIVIA,IZIVIA Station 280,69 Rue de l'Énergie,20828,150,5,ACCES_LIBRE,44.710204,6.459363
FRIZI_1281,IZIVIA,IZIVIA Station 281,47 Rue de l'Énergie,81496,50,4,ACCES_LIBRE,45.349132,9.426472
FRIZI_1282,IZIVIA,IZIVIA Station 282,79 Rue de l'Énergie,68447,150,7,ACCES_RESERVE,41.808696,4.413788
FRIZI_1283,IZIVIA,IZIVIA Station 283,115 Rue de l'Énergie,15551,150,8,ACCES_RESERVE,42.683112,1.158626
FRIZI_1284,IZIVIA,IZIVIA Station 284,164 Rue de l'Énergie,17518,22,7,ACCES_PAYANT,47.21,1.024108
FRIZI_1285,IZIVIA,IZIVIA Station 285,192 Rue de l'Énergie,30969,22,3,ACCES_PAYANT,45.102723,2.19629
FRIZI_1286,IZIVIA,IZIVIA Station 286,33 Rue de l'Énergie,18812,22,8,ACCES_PAYANT,47.848698,1.072592
FRIZI_1287,IZIVIA,IZIVIA Station 287,146 Rue de l'Énergie,14244,150,3,ACCES_PAYANT,44.699918,0.242816
FRIZI_1288,IZIVIA,IZIVIA Station 288,114 Rue de l'Énergie,20077,150,3,ACCES_PAYANT,45.544218,0.064468
FRIZI_1289,IZIVIA,IZIVIA Station 289,72 Rue de l'Énergie,42717,22,2,ACCES_PAYANT,44.706194,-0.784218
FRIZI_1290,IZIVIA,IZIVIA Station 290,144 Rue de l'Énergie,25435,50,8,ACCES_RESERVE,42.879085,2.266179
FRIZI_1291,IZIVIA,IZIVIA Station 291,157 Rue de l'Énergie,47431,150,5,ACCES_LIBRE,48.110782,-2.281444
FRIZI_1292,IZIVIA,IZIVIA Station 292,116 Rue de l'Énergie,32630,150,5,ACCES_LIBRE,42.238638,7.292394
FRIZI_1293,IZIVIA,IZIVIA Station 293,82 Rue de l'Énergie,55537,150,2,ACCES_PAYANT,49.186184,9.013419
FRIZI_1294,IZIVIA,IZIVIA Station 294,41 Rue de l'Énergie,93584,22,8,ACCES_RESERVE,46.475931,7.869975
FRIZI_1295,IZIVIA,IZIVIA Station 295,52 Rue de l'Énergie,28202,22,8,ACCES_RESERVE,46.138433,-3.679563
FRIZI_1296,IZIVIA,IZIVIA Station 296,95 Rue de l'Énergie,71263,150,3,ACCES_PAYANT,41.265469,2.810322
FRIZI_1297,IZIVIA,IZIVIA Station 297,102 Rue de l'Énergie,72739,150,5,ACCES_RESERVE,49.930889,-4.513778
FRIZI_1298,IZIVIA,IZIVIA Station 298,82 Rue de l'Énergie,94192,22,5,ACCES_RESERVE,49.315728,-4.393739
FRIZI_1299,IZIVIA,IZIVIA Station 299,200 Rue de l'Énergie,82260,150,6,ACCES_LIBRE,47.869101,-0.332278
FRIZI_1300,IZIVIA,IZIVIA Station 300,129 Rue de l'Énergie,17263,22,6,ACCES_LIBRE,48.754595,-3.564506
